Vulnerability_Rank,Zone_ID,Mean_Baseline_LST,Mean_Population,Mean_Heat_Hazard_Score,Mean_Population_Exposure_Score,Mean_Heat_Vulnerability_Index,Zone_Latitude,Zone_Longitude,Point_Count,Vulnerability_Priority
1,7_9,41.775952606060606,176.59317848899147,0.6326446211285517,0.7645375836330024,0.698591102380777,19.87385190175263,75.33250580214688,33,High Priority
2,7_11,41.7381279,166.6825424194336,0.630940093861712,0.7214678544230897,0.6762039741424009,19.87380483870405,75.37263118049279,30,High Priority
3,7_10,41.37617747058824,168.28962438246782,0.6146292103035379,0.7284519253222957,0.6715405678129167,19.873351466019766,75.35266912437584,34,High Priority
4,8_10,41.804170972972976,158.789687491752,0.6339162496707735,0.6871670162082186,0.6605416329394961,19.893668119660195,75.3512900396849,37,High Priority
5,6_10,42.258777825,132.77943353652955,0.654402589306319,0.5741314262955253,0.6142670078009222,19.853566672850494,75.350469781648,40,High Priority
6,9_10,42.10561593333333,127.96967709859211,0.6475005232289704,0.5532291445556168,0.6003648338922936,19.9125709252616,75.35430126217197,30,High Priority
7,8_9,41.61884225,129.07547264099122,0.6255646220036646,0.5580347205285807,0.5917996712661227,19.89406075054815,75.32954168016194,40,High Priority
8,8_8,43.28421434782609,105.591843812362,0.7006127174371177,0.4559793602654852,0.5782960388513014,19.89466417437733,75.3124885505932,23,High Priority
9,8_11,43.220869533333335,104.73572082519532,0.6977581555710507,0.4522588134742543,0.5750084845226524,19.894265487180384,75.37358733325156,30,High Priority
10,6_9,43.035631375,100.1746586561203,0.6894106090962033,0.4324373094705863,0.5609239592833949,19.85210929321097,75.3311159961963,32,High Priority
